model,precision,recall,ndcg,users_evaluated
Popularity Baseline,0.0009199999999999999,0.008601092896174863,0.004386345459610088,5000
ALS (tuned),0.00318,0.024121706361480564,0.015762705440365232,5000
